day,price,benchmark,return_1d,momentum_20,volatility_20,drawdown_60,price_vs_ma50,vix,rate_10y
2025-07-27,99.8297,100.0744,,,,,,17.9948,3.5771
2025-07-28,99.054,99.3064,-0.007770232706298841,,,,,19.7966,3.5995
2025-07-29,100.0378,100.245,0.009931956306661105,,,,,20.3601,3.6066
2025-07-30,98.5978,99.3933,-0.014394558856752115,,,,,20.9897,3.6323
2025-07-31,97.1561,97.367,-0.014622030106148487,,,,,19.6403,3.5989
2025-08-01,97.4815,97.6134,0.0033492493008673296,,,,,20.3975,3.5564
2025-08-02,97.8108,98.0561,0.003378076865866886,,,,,19.4454,3.6572
2025-08-03,98.3595,99.041,0.005609809959636225,,,,,18.6911,3.6065
2025-08-04,98.1139,98.7725,-0.0024969626726446537,,,,,19.7408,3.6172
2025-08-05,97.7778,98.0487,-0.00342561043848022,,,,,19.0768,3.6857
2025-08-06,97.1254,97.5899,-0.006672271210847458,,,,,19.7911,3.5889
2025-08-07,97.2261,98.2387,0.0010368039668304796,,,,,17.1031,3.5661
2025-08-08,97.1915,97.837,-0.00035587152009586287,,,,,18.2091,3.5597
2025-08-09,95.9687,97.1443,-0.012581347134265952,,,,,19.3813,3.6141
2025-08-10,97.2705,98.4121,0.013564839369502701,,,,,19.6351,3.5315
2025-08-11,97.8677,98.6439,0.00613957983150093,,,,,19.0787,3.4544
2025-08-12,97.0741,97.7174,-0.008108906207052957,,,,,20.9568,3.3343
2025-08-13,95.8588,96.7721,-0.012519302264970777,,,,,22.7618,3.3757
2025-08-14,94.2772,94.3076,-0.01649926767286891,,,,,22.8301,3.3365
2025-08-15,93.3836,93.9522,-0.009478431688679678,-0.06457096435229193,0.00850036506091428,,,23.893,3.3524
2025-08-16,93.6462,94.3501,0.0028120569350507107,-0.054594463625901146,0.008576630837789635,,,25.4609,3.3955
2025-08-17,94.1395,94.9948,0.005267699063069342,-0.05896071285054261,0.008695738004886376,,,22.5246,3.4766
2025-08-18,95.0052,95.9532,0.009195927320625241,-0.03643691847079755,0.008644439061677714,,,19.4811,3.4395
2025-08-19,95.7824,95.8279,0.008180604851102835,-0.014139101919488306,0.008495429957281446,,,19.3105,3.5031
2025-08-20,94.7096,95.5993,-0.01120038754510222,-0.028435138975087648,0.008258825113456771,,,20.1591,3.4939
2025-08-21,95.0433,96.1547,0.0035234020627266105,-0.02829442147492911,0.00826374970375413,,,20.2978,3.5629
2025-08-22,94.5345,95.5271,-0.005353349473345426,-0.038887956933494006,0.008239299494025515,,,21.6594,3.562
2025-08-23,93.8421,95.3287,-0.007324310172476589,-0.04353919271377449,0.00814979325965061,,,23.3889,3.5328
2025-08-24,92.7329,94.3026,-0.011819854841270572,-0.05159555645555536,0.008409371280450063,,,22.6794,3.5136
2025-08-25,93.961,94.918,0.01324341199293877,-0.0325805608007792,0.00910170481041899,,,23.9793,3.437
2025-08-26,93.3518,94.6542,-0.0064835410436244745,-0.03984835347710136,0.00909689786180853,,,24.9061,3.4911
2025-08-27,93.6978,95.0027,0.003706409517545417,-0.03594655911267963,0.009158942733247834,,,24.376,3.5259
2025-08-28,93.6055,95.0312,-0.000985081826894496,-0.024624695343377523,0.009154992424968941,,,24.4928,3.5249
2025-08-29,94.3052,95.8667,0.007474988115014458,-0.030485090546465754,0.009020522735648868,,,26.5333,3.5434
2025-08-30,93.9989,95.4307,-0.0032479651175120194,-0.03953091775938322,0.008401760111081596,,,25.5356,3.5971
2025-08-31,93.7706,95.3889,-0.002428751825819253,-0.034030704379438004,0.008208658292218311,,,27.1856,3.4394
2025-09-01,92.8783,94.7116,-0.009515775733545562,-0.03109260704285899,0.008265660739930639,,,26.6455,3.4561
2025-09-02,92.5737,94.7163,-0.003279560457071118,-0.018069055932929623,0.007925670247689923,,,26.0296,3.4265
2025-09-03,94.6538,96.6663,0.02246966471038747,0.013601960087210152,0.008793110189151847,,,24.3769,3.4235
2025-09-04,94.5184,96.5108,-0.0014304761140070399,0.009313778882645618,0.00851913820194442,,,20.0375,3.3974
2025-09-05,95.4331,96.7866,0.009677480786809634,0.013741309439714522,0.008735308612086332,,,19.9418,3.4587
2025-09-06,96.2257,98.1086,0.00830529449425832,0.012846665235165977,0.008834322646310485,,,17.6536,3.4391
2025-09-07,95.9882,98.1672,-0.0024681555966856727,0.002148620205799867,0.008666360984874413,,,19.4795,3.2806
2025-09-08,96.9863,98.3845,0.010398153106319308,0.02403874580823917,0.008776732307684096,,,20.4798,3.1998
2025-09-09,97.198,99.0852,0.0021827825167060055,0.022670719556244334,0.008346354827573548,,,20.2063,3.2233
2025-09-10,97.9536,99.7921,0.007773822506635941,0.03616774828237301,0.008452876088338649,,,20.0559,3.3264
2025-09-11,98.9367,100.5004,0.010036384573920865,0.05428906642114795,0.008490300004825702,,,23.7537,3.2645
2025-09-12,99.8105,101.1236,0.008831909695795392,0.07632242709976733,0.008301297751070443,,,23.3693,3.3162
2025-09-13,100.07,101.6266,0.002599926861402313,0.06501633656517058,0.0075658650298860335,,,20.802,3.233
2025-09-14,100.6838,101.7049,0.006133706405516248,0.07854160284000966,0.007277359144809374,,0.047153602171241316,19.2958,3.1555
2025-09-15,101.8918,103.0725,0.011997957963445938,0.087451359583683,0.007124341446275002,,0.05926295313593255,21.39,3.113
2025-09-16,101.9538,102.5857,0.0006084886124300137,0.08918599868597465,0.007171511518317316,,0.05926884394491716,22.2157,3.2238
2025-09-17,101.1982,102.6484,-0.007411199974890592,0.0730924699804465,0.007533959525223556,,0.05116492958918606,23.2172,3.2242
2025-09-18,99.4628,101.7907,-0.01714852635718811,0.05812727595748446,0.0087661279345771,,0.03295338003239556,22.6046,3.1991
2025-09-19,99.8802,102.3303,0.004196543833473454,0.06515474999626747,0.008662929353898481,,0.03670163469086507,24.2364,3.1499
2025-09-20,100.9615,103.9457,0.010825969511474742,0.08703001669927213,0.008723214531825941,,0.04716845024587246,25.5614,3.1531
2025-09-21,100.3461,103.872,-0.006095392798244781,0.08395905100476697,0.008492141026706241,,0.04023846447329915,24.8827,3.1744
2025-09-22,101.6925,104.9222,0.01341756181854592,0.07436257181433814,0.008564710941497336,,0.0534679490489165,21.0497,3.1642
2025-09-23,100.0567,103.8627,-0.016085748703198233,0.05859494024443923,0.008696330087295643,,0.03610507243075167,21.3203,3.141
2025-09-24,100.1081,104.2857,0.0005137087271516183,0.048987196266284894,0.008659090552462822,-0.01810329776820485,0.036137274824238785,21.2288,3.2349
2025-09-25,100.113,104.7668,4.894708819769278e-05,0.04039773158314253,0.008536497169195544,-0.018055236783719675,0.035547562336574634,23.058,3.3421
2025-09-26,99.5677,104.6851,-0.005446845065076422,0.03729104202391542,0.008589501330087857,-0.023403737771421906,0.029408428929300845,20.0667,3.2834
2025-09-27,97.8686,103.6586,-0.01706477100505488,0.009097161145440236,0.009489491548602881,-0.040069129350745136,0.011700163962482746,18.3936,3.2913
2025-09-28,97.758,103.5343,-0.0011300866672252496,0.0057614354204820195,0.00924915466406911,-0.04115393442912385,0.010183156277270733,17.836,3.3137
2025-09-29,99.3927,105.0151,0.016721905112625057,0.014691649924045702,0.009905686964314705,-0.025120201503033734,0.026625070079537627,18.8774,3.3812
2025-09-30,99.2752,104.3028,-0.0011821793753465926,0.0034213795285267246,0.009798715812511176,-0.026272684294258775,0.025113352371129105,18.296,3.4503
2025-10-01,97.8639,102.7504,-0.01421603784228087,-0.019502958105610202,0.010067524174710633,-0.04011522866239414,0.010375500702361595,19.9116,3.4999
2025-10-02,97.9293,103.1698,0.0006682750227611223,-0.021392025582092522,0.009844144217132905,-0.0394737616449804,0.010618640696344217,20.1489,3.4292
2025-10-03,96.6097,101.6801,-0.013475027392210404,-0.04046430508185028,0.01017602155150322,-0.05241687901775116,-0.0034792206050728858,21.3723,3.3981
2025-10-04,95.8831,100.6661,-0.0075209839177640125,-0.05897137944368447,0.010084778254526933,-0.05954363643140326,-0.011483758413534217,19.0986,3.3951
2025-10-05,94.9227,99.9629,-0.010016363676184747,-0.06896358939048863,0.00964629794472898,-0.06896358939048863,-0.021642604211888017,16.0476,3.419
2025-10-06,94.4315,98.6386,-0.005174736917512912,-0.06686581381882284,0.0096057131153373,-0.07378145787601842,-0.02676392757746293,17.6189,3.4057
2025-10-07,92.5929,96.6069,-0.019470197974192915,-0.06907004427786068,0.010176321481572976,-0.09181511625854066,-0.04523828462400037,18.3689,3.3819
2025-10-08,93.2984,97.547,0.007619374703675907,-0.06589694453955841,0.010053635753650812,-0.0848953153291,-0.037470522416107266,19.513,3.4063
2025-10-09,94.4743,98.8709,0.012603645936050345,-0.06425419590636039,0.010516822095483916,-0.07336165988908705,-0.0252918193196342,20.1952,3.285
2025-10-10,95.2933,100.1711,0.008669024274326587,-0.050353725755161394,0.010387593996300152,-0.06532860962514397,-0.016892764903199686,19.7651,3.2654
2025-10-11,97.0145,100.9055,0.018062130286179645,-0.04600142586719769,0.011302034511546787,-0.048446453197428685,0.00035236011987915816,20.4333,3.4202
2025-10-12,96.2628,100.543,-0.007748326281122875,-0.037917500777059465,0.010825027570505892,-0.05581940055201473,-0.007893970221730773,22.9149,3.4162
2025-10-13,96.8068,101.4232,0.005651196516203605,-0.03297735148304681,0.0105112968818746,-0.050483650437747385,-0.003124490913520739,21.2549,3.4142
2025-10-14,97.12,102.0677,0.0032353099162456544,-0.029896217274479775,0.0105552325537368,-0.047411670776371206,-0.0005495331026803552,21.02,3.4059
2025-10-15,95.4327,100.2985,-0.01737335255354211,-0.04152953216756039,0.011099773428681547,-0.06396132365836293,-0.018333772257286496,22.0708,3.4158
2025-10-16,94.0392,98.3848,-0.014601913180702253,-0.0391279736299488,0.01140351856413447,-0.07762927914408302,-0.032735914107206,25.3602,3.4875
2025-10-17,95.0488,97.1619,0.010735948413002294,-0.02771333292415956,0.011272055628227372,-0.06772675466731015,-0.022641602870732802,25.3952,3.5169
2025-10-18,97.7605,99.9185,0.028529555344201984,-0.016421729161196108,0.013024466631693798,-0.041129413518672275,0.004528183560721377,24.4948,3.5475
2025-10-19,94.5196,98.0289,-0.033151426189514166,-0.047903202411075485,0.01431140557349621,-0.0729173409917041,-0.02887727628143333,24.2592,3.5035
2025-10-20,96.6401,101.4535,0.022434500357597864,-0.012505121909100247,0.015303720386428426,-0.052118704746659694,-0.007675739325475939,21.727,3.4634
2025-10-21,97.109,102.0793,0.004852023124976013,-0.008376451174469723,0.015056785662448759,-0.04751956278235836,-0.0037265586069041845,20.93,3.4064
2025-10-22,100.5998,106.148,0.03594723455086557,0.04130123579723355,0.01700435981416776,-0.01328052510058475,0.030389820596894435,19.1783,3.3295
2025-10-23,103.5025,109.6953,0.02885393410324877,0.07946551582082773,0.01763260986714812,0.0,0.05820247007731294,21.7599,3.3849
2025-10-24,101.9577,108.5999,-0.01492524335160983,0.07411293610485159,0.017937456542975464,-0.01492524335160983,0.04082526034132128,18.5798,3.3446
2025-10-25,101.8454,109.0334,-0.0011014371646280718,0.07851087825566672,0.0177119315521558,-0.016010241298519357,0.03831950251717964,17.8106,3.3434
2025-10-26,102.6291,110.1486,0.007694996533962328,0.10839060014320756,0.017611958882874288,-0.008438443515857097,0.04494502418942181,19.0003,3.3622
2025-10-27,102.0537,110.4159,-0.005606596959341847,0.09384190940037573,0.016921012938024928,-0.01399772952344136,0.03780459477452358,19.2169,3.3181
2025-10-28,100.9575,109.4611,-0.010741403790357484,0.06862395381601138,0.01724990885282765,-0.02458877804883941,0.025828576751771193,19.1864,3.3348
2025-10-29,100.9466,109.6677,-0.00010796622341080475,0.05932526211181699,0.017158857783680537,-0.024694089514745943,0.024937035068282487,19.1272,3.2659
2025-10-30,101.6596,111.3615,0.007063140313789518,0.047880471475913344,0.017138064542956074,-0.017805367020120255,0.03140011909745577,19.8449,3.2639
2025-10-31,102.421,111.2104,0.0074897009234740075,0.06397279115089116,0.016837620325202054,-0.010449022970459576,0.03839084690419803,17.3083,3.2769
2025-11-01,100.7906,110.4589,-0.01591861044121823,0.04115206782994596,0.017185479068331812,-0.026201299485519636,0.02165806930824643,16.2486,3.1281
2025-11-02,98.9993,110.3256,-0.01777249068861575,0.019350288303130236,0.017717205163362424,-0.0435081278229994,0.003718529703769624,16.2958,3.0609
2025-11-03,97.7047,109.6412,-0.013076860139415114,0.023807353244747365,0.017981760858655795,-0.05601603825994539,-0.008808197380721583,17.5222,3.089
2025-11-04,100.1596,112.6944,0.025125710431534998,0.06508349709482864,0.01825764757391778,-0.03229777058525152,0.016453438929628028,17.8656,3.1413
2025-11-05,102.9669,116.3643,0.02802826688604987,0.08330562826674304,0.018611609215183296,-0.00517475423298952,0.0447280443441509,19.5678,3.0906
2025-11-06,102.6968,116.8832,-0.002623173077950236,0.05049380884917731,0.018623351445002528,-0.007784353034950842,0.04167076619655785,19.2324,3.1712
2025-11-07,103.7276,118.8395,0.010037313723504582,0.09741894802771056,0.017827049899409985,0.0,0.05121685955332689,19.0609,3.3371
2025-11-08,105.9039,120.7988,0.02098091539763769,0.09585875842429781,0.01614373644561634,0.0,0.07196355741540184,19.324,3.4993
2025-11-09,105.2753,121.1455,-0.0059355698893052145,0.08409416223007149,0.01586659543836993,-0.0059355698893052145,0.06467107709090647,20.749,3.4997
2025-11-10,103.176,119.344,-0.01994104979990563,0.025608400811929943,0.016728985061083623,-0.025758258194457317,0.04284350765431122,21.1219,3.5675
2025-11-11,104.5389,120.7665,0.013209467317980783,0.010013284703268122,0.015162343699015464,-0.012889043746264206,0.05601129085333878,22.1059,3.5972
2025-11-12,104.8946,121.2311,0.0034025611518773147,0.02880508289221906,0.01387127212720739,-0.009530338353922696,0.0585697753990857,21.4615,3.6345
2025-11-13,103.0042,118.785,-0.018021900078745712,0.011378029837380899,0.014061512270588387,-0.02738048362713741,0.038885072850912694,21.249,3.5413
2025-11-14,102.2307,116.0561,-0.0075094025292172795,-0.003881939917625643,0.014169431045867946,-0.03468427508335381,0.03064340036962565,20.1397,3.5737
2025-11-15,103.2048,116.9986,0.009528448890597563,0.011279355868528018,0.01422288054171199,-0.02548631353519548,0.039701366523140935,19.8054,3.4858
2025-11-16,106.4013,120.6486,0.03097239663271467,0.053921699725131944,0.015618774687714528,0.0,0.07006376114248125,21.3108,3.4334
2025-11-17,106.0556,118.508,-0.003249020453697571,0.05061091705911824,0.015391857554275424,-0.003249020453697571,0.06480997975773084,22.1678,3.4922
2025-11-18,102.6241,115.2537,-0.032355670044768914,0.009487544708025597,0.017175170708414966,-0.03549956626469797,0.029689202607909415,22.6936,3.3868
2025-11-19,99.4291,111.2163,-0.03113303795112443,-0.029211782739867798,0.018466715457816817,-0.06552739487205517,-0.002398959748445284,21.4401,3.3071
2025-11-20,99.4727,111.5476,0.0004385034160019341,-0.013075624115740925,0.018369503031666408,-0.06511762544254629,-0.0022836022203166495,22.08,3.357
2025-11-21,102.0037,115.1182,0.025444167093081838,0.030347689327096194,0.01892617620529929,-0.04133032209192944,0.022266932195213363,19.997,3.3324
2025-11-22,100.1552,112.3473,-0.01812189165687128,0.025080676773993282,0.018943444310204605,-0.05870323012970713,0.003028719061926033,19.8877,3.3394
2025-11-23,100.9801,111.6728,0.008236217390609868,0.008191925686604096,0.01873339803303116,-0.05095050530397671,0.01025850566687625,18.2337,3.3444
2025-11-24,100.6276,111.1002,-0.0034907867985869423,-0.02271895143002256,0.017976694981672474,-0.05426343475126716,0.005584037512107232,18.4133,3.3051
2025-11-25,101.8171,112.605,0.011820812580246365,-0.008565992319137461,0.017054388975476426,-0.043084060063176,0.015971178565323152,18.5328,3.2725
2025-11-26,101.5055,109.7617,-0.003060389659497287,-0.021422456511092536,0.01705748471927233,-0.04601259571076677,0.011063563705745016,17.4282,3.2839
2025-11-27,98.8999,107.6061,-0.025669545000024607,-0.06613543032881686,0.017723358213435774,-0.07050101831462585,-0.015988031696082317,18.013,3.2099
2025-11-28,98.4687,106.9725,-0.004359963963563196,-0.06465524201783324,0.016906209934906297,-0.07455360037894276,-0.021056403344959285,18.9319,3.2582
2025-11-29,98.3981,106.1852,-0.0007169791009732362,-0.04630824998061567,0.01690671991732434,-0.07521712610654196,-0.022361818756092444,18.8973,3.2639
2025-11-30,99.6168,107.6202,0.01238540175064351,-0.04708390847808808,0.016776473156763037,-0.06376331868125684,-0.010764915596132685,18.0873,3.1921
2025-12-01,98.975,106.4057,-0.006442688381879447,-0.056433791634650454,0.01645194437485355,-0.06979519987067839,-0.01766739701859199,16.8731,3.1975
2025-12-02,98.1389,105.7886,-0.008447587774690457,-0.04723399628364655,0.01643865404782284,-0.07765318656820919,-0.02622322726337223,18.0486,3.1848
2025-12-03,102.0068,109.0949,0.039412506151994764,-0.0021901444478028553,0.018485628514312964,-0.0413011871095561,0.0111751393430366,19.8286,3.2047
2025-12-04,103.9322,108.6949,0.018875212240752504,0.0070481217927846895,0.01886281459778864,-0.02320554354129145,0.028528132088361247,18.8398,3.2313
2025-12-05,104.9862,111.8433,0.010141226684319271,-0.01329964953435725,0.018877129350360178,-0.01329964953435725,0.03671246351823032,19.4493,3.3189
2025-12-06,106.3436,114.0274,0.01292931832945654,0.002715556745706893,0.017826709744874877,-0.0005422866074006327,0.04777920301403382,20.2205,3.3168
2025-12-07,107.2534,113.8669,0.008555286824971198,0.04510928719472318,0.017900265272829854,0.0,0.054770172521099836,21.7823,3.2631
2025-12-08,107.6971,116.3751,0.004136931789574971,0.08315473035560017,0.016216247302730857,0.0,0.05639566612258373,21.2133,3.2737
2025-12-09,109.8157,118.4034,0.019671838888883686,0.10397827745703103,0.014644502250546202,0.0,0.0743998280266811,19.941,3.2982
2025-12-10,110.8914,120.1614,0.009795502828830571,0.08713115308562336,0.014637989930496384,0.0,0.08200610942757813,18.907,3.4115
2025-12-11,114.0225,123.1222,0.028235733339104563,0.13845811300861066,0.014838907556354508,0.0,0.1096507269415361,19.4335,3.3893
2025-12-12,116.7522,124.9496,0.02394001183976857,0.15619018004537533,0.014284778122920361,0.0,0.13329314707877948,20.4285,3.3649
2025-12-13,115.3631,124.5098,-0.011897848605850636,0.14643596786567503,0.01491398516059925,-0.011897848605850636,0.11690268282574356,22.1649,3.3697
2025-12-14,114.023,124.1996,-0.011616366065059003,0.11988064873189286,0.01529435994234413,-0.023376004906117465,0.10133141495630915,21.7733,3.3936
2025-12-15,116.9635,128.177,0.025788656674530674,0.15228731448049615,0.015835977872543257,0.0,0.12661359257924443,20.8055,3.5349
2025-12-16,116.9584,129.0907,-4.3603346343124016e-05,0.18259371344157072,0.015752793567689934,-4.3603346343124016e-05,0.12333903033577442,19.8108,3.5308
2025-12-17,113.4672,127.8385,-0.029849929547599796,0.15231743691142463,0.016209114677683198,-0.029892231337126485,0.08719489475095843,21.6829,3.4566
2025-12-18,110.5524,123.3476,-0.025688480900207256,0.12352169401644963,0.01756772817578122,-0.054812826223565425,0.05732022130422543,23.0178,3.4308
2025-12-19,110.4276,122.9611,-0.0011288764423025288,0.10852386344472009,0.017575781098682935,-0.05587982575760808,0.05435833257936262,22.4015,3.3683
2025-12-20,110.4618,121.5502,0.000309705182400144,0.11605759030058094,0.017551310281938046,-0.05558742684683682,0.053067924119484244,21.9448,3.3921
2025-12-21,111.3289,122.1807,0.007849772500538643,0.13440134340205567,0.017347045546283427,-0.048174003000936105,0.05920600494011796,20.4331,3.406
2025-12-22,110.4005,123.0001,-0.008339254227788251,0.08228569075787107,0.017342534587762925,-0.056111521970529266,0.04809920001342771,21.4045,3.4028
2025-12-23,109.5052,121.4773,-0.00810956472117419,0.05362149555190787,0.015795817119213445,-0.06376604667267993,0.03727546610104149,19.9286,3.3855
2025-12-24,110.043,122.5756,0.004911182300018746,0.04816633043199969,0.01541260189087758,-0.0591680310524223,0.040421642540081404,20.7073,3.516
2025-12-25,108.7134,121.3897,-0.012082549548812827,0.022284368781948283,0.015655428611316732,-0.07053567993433851,0.026735018831134605,24.3739,3.4034
2025-12-26,107.7388,120.6985,-0.008964856218276585,0.004525730652827686,0.015609124759845223,-0.07886819392374544,0.016562338129232357,23.9263,3.4317
2025-12-27,107.2908,120.7061,-0.0041582048435659935,-0.0037726178327921467,0.015537991447251683,-0.08269844866133447,0.011655020007122818,23.4086,3.4807
2025-12-28,103.8281,116.5452,-0.03227396943633565,-0.054524079890216015,0.017024745901409913,-0.11230341089314178,-0.02061171355487812,22.8943,3.4196
2025-12-29,101.9738,115.4544,-0.017859327099311373,-0.08041741740116914,0.016631427862649865,-0.12815707464294412,-0.03750344133733652,21.5827,3.4609
2025-12-30,103.2564,117.0456,0.012577740556888095,-0.09442083799250145,0.01675373554347773,-0.11719126052144468,-0.025412201018771396,22.0311,3.4562
2025-12-31,100.7726,114.6793,-0.02405468329323901,-0.13686765645529597,0.015653662928229815,-0.13842694515810483,-0.04817888931680003,22.3397,3.4262
2026-01-01,100.592,115.2905,-0.001792153819589859,-0.12804007520602345,0.014119421091736263,-0.13997101659919542,-0.04911183479728509,20.8033,3.4675
2026-01-02,103.7671,117.8961,0.031564140289486176,-0.08994588811029347,0.01640705908297696,-0.11282494111410823,-0.019239325071109703,20.8806,3.4598
2026-01-03,105.7161,120.0193,0.018782446459426838,-0.09616162307044507,0.017129588091837584,-0.09616162307044507,-0.0014761168115801082,21.9605,3.42
2026-01-04,105.7274,120.0404,0.00010689005742747781,-0.09602559542538203,0.015786201528325355,-0.09606501173442994,-0.0018450413032763402,19.2689,3.5096
2026-01-05,106.9002,119.9299,0.011092677962382558,-0.05787575616565854,0.016140530891105554,-0.08603795201067,0.009132109305889147,20.3834,3.5014
2026-01-06,107.5075,120.7901,0.0056809996613662594,-0.027542595185631513,0.015162401158858878,-0.08084573392554095,0.014586872814826624,18.3023,3.4886
2026-01-07,109.4654,122.2608,0.01821175266841868,-0.008713401359804918,0.014832056476650273,-0.06410632376767111,0.031732027112798766,17.1761,3.4075
2026-01-08,107.8942,121.033,-0.014353393857785224,-0.023244234658497342,0.015142073557730274,-0.07753957431164427,0.015303048587280932,19.8847,3.437
2026-01-09,108.2444,123.0066,0.0032457722472569728,-0.027706193090922482,0.01516870544754348,-0.07454547786275201,0.016919694699746968,19.2008,3.399
2026-01-10,108.9633,124.1236,0.006641452121310731,-0.013018056983437498,0.015136113698786587,-0.06839911596352699,0.022336647401421272,17.9508,3.3329
2026-01-11,109.3765,124.726,0.003792102478540782,-0.0011752866530539974,0.015071125504807083,-0.06486638994216143,0.024440803953070578,16.4939,3.3274
2026-01-12,108.6971,124.4298,-0.006211571955584527,-0.012230673464009523,0.015027893111381113,-0.07067503964912125,0.016607830906166576,16.8622,3.3292
2026-01-13,108.2686,124.8175,-0.003942147490595405,-0.004091491941195735,0.014999499013028684,-0.07433857570951619,0.011154994703298504,19.2104,3.314
2026-01-14,109.4004,125.3772,0.010453631062006918,0.015422484750155174,0.01494847729411935,-0.0646620526916516,0.020280052980506058,19.426,3.3664
2026-01-15,111.4211,127.0761,0.018470682008475237,0.03849631096049233,0.01527886359447817,-0.04738572289645915,0.03720702844460533,19.4121,3.3835
2026-01-16,109.4514,125.1972,-0.017677980203031463,0.054159712062534116,0.015817066296966144,-0.06422601922822069,0.016873699937332898,18.5879,3.4105
2026-01-17,108.0002,122.3193,-0.013258852787629949,0.05909753289570463,0.014277609230087316,-0.07663330868176821,0.0016171821396480102,18.8514,3.4297
2026-01-18,107.3211,122.3357,-0.006287951318608709,0.03936511441421553,0.013680101857736703,-0.08243939348600204,-0.006325545265860932,18.6549,3.3962
2026-01-19,107.9686,121.8297,0.006033296341539485,0.07140829947823124,0.013516057311315482,-0.07690347843558032,-0.0018740826704513047,17.9421,3.3991
2026-01-20,109.1008,122.8144,0.01048638215184794,0.08458724351837121,0.012175287059906876,-0.06722353554741423,0.006707910446061671,18.6672,3.3638
2026-01-21,109.5286,124.4673,0.003921144482900152,0.05552337879732594,0.012101620229233471,-0.06356598426004689,0.00853548867479259,17.9405,3.5112
2026-01-22,108.7152,123.7125,-0.007426370829171525,0.02836937798499939,0.010606780147389389,-0.07052029051798214,-0.00018945002473891304,18.4834,3.5722
2026-01-23,107.134,120.6418,-0.014544424330728334,0.01330402525740726,0.010517780204618134,-0.08403903781949063,-0.015311015726163446,19.529,3.6171
2026-01-24,107.968,123.3616,0.007784643530531987,0.009988755867622379,0.010627873080542869,-0.0769086082410324,-0.008189200109293138,19.8763,3.6276
2026-01-25,109.2043,124.8532,0.011450614997036146,0.0157830849010534,0.010644963440577318,-0.06633864410692214,0.002640678949780151,22.1409,3.5482
2026-01-26,108.7451,121.8446,-0.004204962625098174,-0.006580161402598539,0.010651384451721688,-0.07026465521295111,-0.0018487970060908632,22.9165,3.5239
2026-01-27,109.9835,124.6165,0.011388099325854828,0.019364340251839307,0.010181648528524774,-0.059676736759758264,0.00909470185439254,22.4711,3.5077
2026-01-28,109.3571,123.4048,-0.005695399764510167,0.01027951561466467,0.009723687077354656,-0.06503225365178023,0.003431945708707973,21.2494,3.5458
2026-01-29,109.4383,123.5496,0.0007425215189502676,0.004359265917974087,0.009706477275235773,-0.06433801998059219,0.004444866069826414,20.8281,3.5988
2026-01-30,110.1198,124.1165,0.006227253164568625,0.006795792514845633,0.00969398977157097,-0.058511415954549895,0.011424376878054643,21.6012,3.5857
2026-01-31,108.6294,123.7903,-0.013534350770706083,-0.0006228317038817766,0.010132086940229991,-0.0712538526976364,-0.0007736297415268378,21.9892,3.5249
2026-02-01,110.0683,125.4582,0.013245953673683086,0.016622547996371972,0.010446198035656988,-0.058951724255857596,0.013449260386988682,19.5789,3.6205
2026-02-02,110.5417,126.6062,0.004300965854837413,0.010432320174332155,0.010418216186188142,-0.054904307754128356,0.018460984469012898,19.9092,3.6067
2026-02-03,108.5213,125.3956,-0.018277265502520845,-0.02602559120310244,0.010993497889638045,-0.07217807264659493,0.0014041082434372854,19.9635,3.5852
2026-02-04,109.0108,125.9534,0.004510635239349359,-0.004025530966255353,0.01019069305427477,-0.06799300636523353,0.007398693501922127,20.8811,3.5595
2026-02-05,108.9958,124.3405,-0.0001376010450341303,0.009218501447219474,0.009448918828773422,-0.0681212515015368,0.008093191503522501,20.1775,3.5977
2026-02-06,110.7769,125.814,0.016340996625558102,0.032200564474273996,0.009598855947109075,-0.05289342401689412,0.024523892883926646,19.987,3.6888
2026-02-07,110.3771,126.0004,-0.0036090556785756123,0.022307411599298277,0.009510091649359858,-0.056311584383162194,0.020835864757724254,22.2547,3.6836
2026-02-08,112.0353,127.0905,0.015023043729179397,0.026897144658884153,0.009919713279196737,-0.0421345120486305,0.03587043228453557,22.1968,3.6717
2026-02-09,112.2234,128.1517,0.0016789351213410963,0.024603619511250896,0.009722274079264345,-0.04052631803938833,0.03743798925870978,25.0936,3.6249
2026-02-10,111.4825,127.8337,-0.006602009919499774,0.025454582247928625,0.009858597288631516,-0.0468607728051913,0.030382686528218628,22.9052,3.6497
2026-02-11,112.2811,128.4176,0.007163456147825764,0.048043571601918966,0.009752261066692414,-0.040033001748408736,0.03723155522350341,23.1865,3.5507
2026-02-12,113.3386,128.274,0.009418325969375196,0.04974251630112625,0.009140308467713677,-0.03099171963903269,0.04636342764901147,21.7683,3.5153
2026-02-13,112.827,128.4615,-0.00451390788310424,0.03317360213837728,0.009201854878978644,-0.03532367063844921,0.040849661445028884,21.6133,3.4909
2026-02-14,113.5967,130.4438,0.006821948647043774,0.04461442400623117,0.009023923949287293,0.0,0.046818878430368915,21.3797,3.5132
2026-02-15,115.3207,132.355,0.01517649720458425,0.04852727909186383,0.009339173307717793,0.0,0.0611354986353283,19.4395,3.6621
2026-02-16,118.4113,133.813,0.026800045438503117,0.0827948071044311,0.010557269488532897,0.0,0.08665763162811646,19.4707,3.6806
2026-02-17,119.8191,135.7218,0.011889068019690807,0.09485527461592524,0.010465525654596805,0.0,0.09598727159740017,19.1827,3.6102
2026-02-18,120.0031,136.7602,0.0015356483231805385,0.08975043543486283,0.010452201739197798,0.0,0.09431771964669045,17.8343,3.5441
2026-02-19,120.0036,135.1907,4.166559030682748e-06,0.1047064606819148,0.010493844634314518,0.0,0.0904974900227018,17.8077,3.5162
2026-02-20,120.6887,135.2971,0.005708995396804584,0.09648917990011663,0.009657753048624606,0.0,0.09273197834315705,16.9457,3.4919
2026-02-21,120.6526,134.7428,-0.00029911665300885737,0.09146684011554007,0.009552829305279568,-0.00029911665300885737,0.08907508908469342,17.4202,3.5372
2026-02-22,122.4047,137.8038,0.014521858625508255,0.12793248882938202,0.009791085439049274,0.0,0.10157166281869356,16.7495,3.5105
2026-02-23,118.7944,135.9394,-0.02949478247158821,0.08974890561302185,0.0113194812728762,-0.02949478247158821,0.06657256443497328,16.2587,3.5081
2026-02-24,119.575,135.6103,0.0065710168156074555,0.09706062068446664,0.011327600669139005,-0.023117576367574166,0.07114314653994303,17.4462,3.5062
2026-02-25,116.9907,133.3764,-0.021612377169140662,0.05609292189978232,0.012673132879943972,-0.0442303277570224,0.04621568193430714,19.4419,3.3939
2026-02-26,118.159,134.6953,0.009986263865418454,0.07050284886991975,0.012427651377156972,-0.034685759615439626,0.055023023554427786,20.1666,3.4246
2026-02-27,120.0433,136.3599,0.0159471559508797,0.07147747183253839,0.012612880368920904,-0.01929174288242197,0.06952724969861346,21.3209,3.4031
2026-02-28,121.1279,136.7609,0.009035073177761754,0.07934619696070522,0.012424118392049908,-0.010430972013329654,0.07671866852579345,20.9765,3.5108
2026-03-01,121.812,137.3074,0.005647749197336127,0.09265579799520096,0.012417365240704114,-0.004842134329809289,0.08033193680336659,19.2846,3.463
2026-03-02,122.1316,138.4075,0.0026237152333103975,0.08773070445515763,0.012177103175697238,-0.0022311234781017264,0.08072133084650646,19.9671,3.4959
2026-03-03,122.1071,139.5267,-0.00020060328367110802,0.07736552242572259,0.012206730311336714,-0.002431279191076885,0.07794629289959132,19.4444,3.4631
2026-03-04,123.445,140.8997,0.010956774831275107,0.09410867966001035,0.01224366979655563,0.0,0.08684489872361123,19.1517,3.43
2026-03-05,123.1015,141.114,-0.002782615739803096,0.08367144468105159,0.012186644874651098,-0.002782615739803096,0.08121212960130753,19.7565,3.3602
2026-03-06,123.7682,141.9356,0.00541585602125072,0.07325224352609716,0.012176763027408718,0.0,0.08471516387070688,18.4428,3.4122
2026-03-07,123.3889,141.3008,-0.003064599792192091,0.042036528608333956,0.012015370575358151,-0.003064599792192091,0.07875555803615875,19.7507,3.4949
2026-03-08,122.4063,140.7364,-0.007963439174836662,0.0215925507702861,0.010983300109972375,-0.011003634212988445,0.06747601136838322,18.6054,3.634
2026-03-09,121.7178,141.093,-0.0056247104928423,0.014288797539396825,0.010834899702238344,-0.016566452449013558,0.058813084570509266,17.9407,3.6773
2026-03-10,124.9952,142.1916,0.026926217858028956,0.04159541880410256,0.012238033680012386,0.0,0.08411149652803007,17.663,3.7002
2026-03-11,124.8934,141.5435,-0.0008144312741609205,0.03483921858467287,0.01224639135510901,-0.0008144312741609205,0.08026921281613308,20.919,3.697
2026-03-12,122.4664,139.9514,-0.019432572097484835,0.015033244206921204,0.013071355351379394,-0.020231176877192114,0.056911311444474144,18.457,3.7582
2026-03-13,121.654,139.3043,-0.0066336562518372055,-0.006132934437975135,0.013170930867840236,-0.02673062645605595,0.047560615943666784,20.3907,3.7549
2026-03-14,119.6598,135.9659,-0.01639239153665306,0.00728485517835864,0.013248487896827766,-0.04268483909782128,0.028170633579462923,21.9286,3.7891
2026-03-15,118.5243,135.5901,-0.009489402455962748,-0.008786953794689523,0.011731087749678924,-0.05176918793681673,0.016569760400833022,22.3098,3.8164
2026-03-16,115.347,132.2745,-0.02680716106317438,-0.01404983473045307,0.012979024588512432,-0.07718856404085916,-0.011722941491294159,23.1789,3.8478
2026-03-17,116.6017,131.5664,0.010877612768429135,-0.01317969854179546,0.012407502091893835,-0.06715057858221762,-0.0023160134552923095,22.9303,3.8634
2026-03-18,120.2074,134.2908,0.03092321981583468,0.0013670067384019546,0.013995124829918286,-0.03830387086864129,0.02673922162720177,22.0462,3.851
2026-03-19,121.5216,135.201,0.010932771193786772,0.0032502833781482554,0.013767404112446714,-0.027789867130897705,0.03581187156040544,23.2881,3.7897
2026-03-20,121.9472,135.1953,0.0035022580347854326,0.001109907069910987,0.013652382089847053,-0.024384936381557032,0.03722772763643989,23.0084,3.7367
2026-03-21,119.6464,133.9334,-0.018867181862314175,-0.020348542064461683,0.014217699205944102,-0.042792043214459397,0.01601163632845881,22.9668,3.6937
2026-03-22,119.9708,135.0572,0.0027113226975488125,-0.017495297161262524,0.014218765489831127,-0.04019674355495251,0.0168078220774297,21.2022,3.6793
2026-03-23,120.783,136.2803,0.0067699806953025465,-0.021564259386771423,0.014314085619239615,-0.03369889403753101,0.021835692123527872,20.5692,3.5457
2026-03-24,122.2065,137.832,0.011785598966742139,-0.007270423187369701,0.014348188112152252,-0.022310456721538086,0.03184208447898729,20.5014,3.5272
2026-03-25,122.5696,137.9009,0.002971200386231443,-0.009684232298764917,0.01435524046796615,-0.01940554517293469,0.03245857517050732,19.0429,3.4817
2026-03-26,121.9847,136.9464,-0.0047719826123279185,-0.011380278128745758,0.01433072413357395,-0.024084924861114576,0.025290723607988674,17.6222,3.5206
2026-03-27,120.6199,136.0355,-0.011188288367311672,-0.014594020079031877,0.014508197998337564,-0.03500374414377505,0.011842306150080306,16.6091,3.5409
2026-03-28,122.184,137.6443,0.01296718037405098,0.0038301711006936134,0.014723567498958846,-0.02249046363380358,0.0230052089170647,16.1311,3.5422
2026-03-29,122.4202,136.7815,0.0019331500032737647,-0.020600791070377156,0.014670806466956253,-0.020600791070377156,0.022919953912024837,15.8911,3.5503
2026-03-30,121.9767,136.3943,-0.0036227681379380483,-0.023353515878341113,0.013360832094760544,-0.02414892731880902,0.01752366978580011,17.4983,3.5943
2026-03-31,123.0441,137.7551,0.008750851597067344,0.0047172122312733045,0.013533730378428218,-0.015609399400936974,0.024578182044855623,17.4848,3.5894
2026-04-01,122.8177,137.3303,-0.0018399907025204998,0.009565653410492203,0.012838486029643577,-0.017420668953687768,0.020766021036551674,17.6196,3.4823
2026-04-02,122.5231,137.0203,-0.002398677063648047,0.023928671115946987,0.012758281653478016,-0.01977755945828319,0.0165868222583736,16.6618,3.4816
2026-04-03,123.1651,137.5141,0.0052398282446330935,0.03915483997796221,0.012189955517927495,-0.014641362228309585,0.020249912773735668,19.966,3.326
2026-04-04,123.0102,136.2224,-0.0012576614641647277,0.06643605815495857,0.011947881715816198,-0.015880609815416946,0.01725061051476695,21.294,3.4922
2026-04-05,120.3141,133.748,-0.021917694630201434,0.03183830081379613,0.01139457066272056,-0.03745023808914261,-0.006149355916524768,21.8007,3.4743
2026-04-06,120.9836,133.016,0.005564601322704421,0.00645717318567729,0.011249594933084651,-0.03209403241084463,-0.0015530842616091611,22.6808,3.4977
2026-04-07,121.081,132.7407,0.0008050677943127749,-0.003625692880936393,0.009069535629163777,-0.03131480248841556,-0.0011893898218376942,23.1405,3.4687
2026-04-08,121.3968,132.7157,0.0026081713894003933,-0.00451342876261196,0.008762588788836415,-0.02878830547093003,0.0011550863260068045,19.6363,3.468
2026-04-09,121.6906,133.4246,0.0024201626402013954,0.017085344816057946,0.008744039335301025,-0.026437815212104088,0.0032987912456912127,18.5081,3.4673
2026-04-10,122.4395,134.1952,0.0061541318721412,0.02057750719341711,0.007691260073333422,-0.02044638514118946,0.009067918245649231,20.4092,3.5881
2026-04-11,121.5117,132.1561,-0.007577619967412352,0.00603313380194237,0.00791281899519377,-0.027869070172294563,0.0012857578483398413,21.5043,3.6764
2026-04-12,122.5932,133.6254,0.00890037749451289,0.0031643161370302764,0.008007988268838974,-0.01921673792273626,0.009874600721130111,20.4435,3.6265
2026-04-13,123.647,134.0389,0.008595909071628771,0.008790107824452553,0.007816617949556771,-0.010786014182944559,0.018346964277284217,17.929,3.5616
2026-04-14,126.4946,137.8082,0.023030077559504036,0.03697102997343116,0.00921597609400189,0.0,0.04047986578108653,17.3129,3.5154
2026-04-15,126.834,137.6426,0.0026831184888524984,0.05151803309404168,0.009099950595595669,0.0,0.042027232210240406,19.4846,3.5101
2026-04-16,125.67,137.3645,-0.009177349921945188,0.028530740522490605,0.008963850185730662,-0.009177349921945188,0.030993855926373604,18.7747,3.5229
2026-04-17,125.7311,137.2118,0.0004861940001590348,0.027045373230888403,0.008612660911483721,-0.008695617894255547,0.030215152074911877,19.3971,3.4805
2026-04-18,123.7194,133.9673,-0.01600001908835602,0.014287154841867267,0.009413898258936276,-0.02455650693031841,0.013121360981362518,17.7776,3.4358
2026-04-19,123.768,134.0307,0.00039282440749000003,0.005883256490965438,0.009364979148178777,-0.024173328918113413,0.01308129517378509,18.8616,3.4455
2026-04-20,122.9585,132.8432,-0.006540462801370328,0.0011464145640245338,0.009306475213029389,-0.0305556869609096,0.006266409008256479,16.172,3.4375
2026-04-21,123.5688,133.7057,0.004963463282326996,0.008534717126811087,0.009356894087087904,-0.02574388570887942,0.011023147524886978,16.5823,3.4296
2026-04-22,124.6842,134.7261,0.00902655039136091,0.012333851066576473,0.00951908359294354,-0.01694971379913901,0.019719173499814557,18.091,3.4674
2026-04-23,124.9982,135.7917,0.002518362390743878,0.016161261423849327,0.00947571233906251,-0.014474036930160694,0.022027545428960904,17.6042,3.4471
2026-04-24,124.1643,134.5196,-0.00667129606666339,0.032001236762773555,0.009606584201517401,-0.021048772411183192,0.01503288818292492,20.0642,3.5548
2026-04-25,124.2644,134.9409,0.0008061898629476705,0.027117725047031138,0.008114339063729463,-0.020259551855180802,0.015768790239809816,21.6412,3.6011
2026-04-26,125.687,135.4723,0.01144817019194555,0.038040650473649906,0.008354058829043802,-0.009043316460885964,0.02701163074921875,20.5319,3.6242
2026-04-27,127.386,137.0773,0.013517706684064379,0.04933573207860498,0.00871891357832938,0.0,0.04004808064893339,19.2932,3.5979
2026-04-28,126.7051,135.91,-0.005345171368910218,0.041206962575581096,0.0088882552993938,-0.005345171368910218,0.03364706372594517,21.4258,3.5565
2026-04-29,126.8044,137.3081,0.0007837095744369638,0.035649443194394115,0.008893213200240137,-0.004565650856451997,0.034151876374923784,22.8113,3.5744
2026-04-30,126.1822,136.9738,-0.004906769796631738,0.038436627913196686,0.008967499100516018,-0.009450018055359277,0.02886124820822822,24.5789,3.6088
2026-05-01,127.6906,138.411,0.01195414250187432,0.041579793985310864,0.008984175057328736,0.0,0.04027415205182994,24.589,3.5924
2026-05-02,128.2578,139.7283,0.004441987115731294,0.037290027255008296,0.008877860913744217,0.0,0.04377193649350186,21.9686,3.5849
2026-05-03,128.6121,139.682,0.002762405093491349,0.016739845021052302,0.00876129678418932,0.0,0.045132405167545686,21.2575,3.6288
2026-05-04,131.0062,142.2724,0.01861488926780619,0.03289496507245704,0.00827072809967601,0.0,0.06243216063188073,21.5091,3.5305
2026-05-05,133.3574,144.4765,0.01794724219159094,0.061171321715604465,0.008991026451267403,0.0,0.07834980218089349,21.2371,3.4622
2026-05-06,133.3692,143.7588,8.848402863281812e-05,0.06074948839229122,0.00860518906626717,0.0,0.07552871299060682,21.1474,3.4917
2026-05-07,133.4868,144.0316,0.0008817628058050975,0.078948006537374,0.008599808269975275,0.0,0.07417642434508909,19.8253,3.5778
2026-05-08,132.7821,142.1909,-0.00527917367110442,0.07283061857669204,0.007681789250573996,-0.00527917367110442,0.06657273349528903,19.5984,3.5289
2026-05-09,131.655,140.9223,-0.008488342931765702,0.07072711524620101,0.008098047942323031,-0.013722705166353433,0.055872602937413474,20.0518,3.4568
2026-05-10,131.571,141.7352,-0.0006380312179560255,0.06475906539514842,0.00784394935863527,-0.014351980870018544,0.053184492074280554,20.9657,3.4494
2026-05-11,131.8012,141.8539,0.001749625677390787,0.057080207436066344,0.0078436302524854,-0.012627465786879233,0.053032755460104886,20.7563,3.4954
2026-05-12,131.7706,140.2754,-0.0002321678406569383,0.05417998019171488,0.007762467941217502,-0.012856701936071468,0.05094311286863906,20.6138,3.4422
2026-05-13,132.622,140.6451,0.006461228832531862,0.06811700303549428,0.007802834048008993,-0.0064785431967803175,0.05597910686630869,20.7221,3.5751
2026-05-14,131.452,138.8632,-0.00882206572061961,0.05784118379841696,0.00794876758527934,-0.015243454783544053,0.045184785699589725,18.7083,3.4285
2026-05-15,129.3085,137.151,-0.01630633234945067,0.028813640233277926,0.00898075831765234,-0.031301222293140474,0.02694563146508333,18.0406,3.3192
2026-05-16,127.6606,136.0312,-0.01274394181356997,0.0021556528974926437,0.009255985818545575,-0.043646263151112974,0.01272574432096829,17.2879,3.3044
2026-05-17,128.1169,137.2598,0.0035743212862855422,0.01114240863232796,0.008817361874169687,-0.04022794763227522,0.015389756469850413,20.3151,3.3742
2026-05-18,128.3594,137.5793,0.0018928025888855782,0.01226298141073956,0.008725270046837107,-0.03841128860681353,0.01635487008554959,22.7008,3.465
2026-05-19,128.0777,137.5909,-0.00219461917085928,0.015021928607996893,0.008747732117081967,-0.04052160962731888,0.013145498311525783,22.683,3.4695
2026-05-20,127.5781,136.2983,-0.003900757118530329,-0.0008810358789135275,0.008719125656381728,-0.04426430178864116,0.008470073256268584,21.5597,3.3781
2026-05-21,129.0598,137.9579,0.011614062288120008,0.006253031004741949,0.008697247361576876,-0.03316432785863466,0.019176741140915166,19.6977,3.4667
2026-05-22,130.173,137.7694,0.008625458895798799,0.012136494155682076,0.00883701169705646,-0.02482492650958734,0.026727101011307264,22.2289,3.5166
